{
  "forward_time": 0.020745038986206055,
  "loss": -0.003109825775027275,
  "gradient_norm": 3.1629937190910637,
  "parameter_change": 6.866455078125e-05,
  "mfu": 0.14541899006252626,
  "memory_peak_gb": 3.402660352,
  "policy_loss": -0.00525718554854393,
  "kl_penalty": 0.002147359773516655,
  "baseline": 0.6000000238418579,
  "mean_advantage": -2.9802322387695312e-08,
  "mean_ratio": 1.1145844459533691
}